feature,coefficient
image_ratio,4732134.370009993
odometry_ratio,441904.10726251925
lidar_ratio,-358003.1277911606
imu_ratio,123757.97873278781
radar_ratio,70320.44459227327
lidar_to_camera_ratio,-43968.50946683547
perception_to_nav_ratio,22319.90390187583
n_active_topics,3475.7027512747436
radar_to_lidar_ratio,-889.5080607526231
avg_speed_kmh,41.947722758642385
distance_km,0.6991286639704413
duration,0.0
