feature,coefficient
image_ratio,20556458.54327677
odometry_ratio,-2935234.393551274
lidar_ratio,2223175.5834148433
imu_ratio,-529628.2600489255
radar_ratio,184080.23466715936
distance_km,4367.654535058777
duration,0.0
