feature,importance
imu_ratio,0.5614621492328714
odometry_ratio,0.3611563394626592
lidar_ratio,0.03584757535383644
radar_ratio,0.03348605858553022
distance_km,0.007899310072162043
image_ratio,0.0001485672929406164
duration,0.0
